{
    "r2_score": 0.8129842973462945,
    "rmse": 1.9582558113752173,
    "mae": 1.1791139240506328
}