{
    "r2_score": 0.841510891725929,
    "rmse": 1.2431977997208525,
    "mae": 0.7473076923076923
}