{
    "r2_score": 0.816059180914575,
    "rmse": 0.42444129558093197
}