{
    "r2_score": 0.8415041867915827,
    "rmse": 1.2432240963905719
}